timestamp,Ax ,Ay ,Az ,Gx ,Gy ,Gz ,Mx ,My ,Mz
1638174359512,-0.05 ,-0.12 ,0.98 ,1.22 ,0.37 ,-0.31 ,-52.25 ,17.93 ,-56.58
1638174359557,-0.05 ,-0.12 ,0.98 ,1.16 ,0.49 ,-0.49 ,-52.48 ,17.85 ,-57.04
1638174359588,-0.05 ,-0.12 ,0.98 ,1.04 ,0.49 ,-0.37 ,-52.94 ,17.96 ,-57.08
1638174359617,-0.05 ,-0.12 ,0.98 ,1.04 ,0.49 ,-0.37 ,-52.94 ,17.96 ,-57.08
1638174359647,-0.05 ,-0.12 ,0.99 ,1.22 ,0.67 ,-0.31 ,-52.83 ,17.99 ,-57.26
1638174359710,-0.05 ,-0.12 ,0.99 ,1.10 ,0.55 ,-0.24 ,-52.83 ,17.99 ,-57.26
1638174359752,-0.05 ,-0.12 ,0.99 ,1.04 ,0.43 ,-0.37 ,-52.54 ,18.07 ,-56.51
1638174359782,-0.05 ,-0.12 ,0.99 ,1.16 ,0.67 ,-0.37 ,-52.65 ,17.72 ,-56.18
1638174359813,-0.05 ,-0.12 ,0.99 ,1.16 ,0.67 ,-0.37 ,-52.65 ,17.72 ,-56.18
1638174359842,-0.05 ,-0.12 ,0.99 ,1.10 ,0.49 ,-0.31 ,-52.44 ,18.07 ,-55.71
1638174359872,-0.05 ,-0.12 ,0.99 ,1.22 ,0.31 ,-0.43 ,-52.44 ,18.07 ,-55.71
1638174359917,-0.05 ,-0.12 ,0.98 ,1.16 ,0.79 ,-0.37 ,-52.45 ,18.18 ,-56.68
1638174359947,-0.05 ,-0.12 ,0.99 ,1.04 ,0.49 ,-0.43 ,-53.05 ,17.31 ,-56.67
1638174359993,-0.05 ,-0.12 ,0.99 ,1.22 ,0.43 ,-0.37 ,-53.05 ,17.31 ,-56.67
1638174360026,-0.05 ,-0.12 ,0.99 ,1.04 ,0.49 ,-0.31 ,-52.84 ,18.54 ,-55.47
1638174360068,-0.05 ,-0.12 ,0.98 ,1.10 ,0.67 ,-0.31 ,-53.20 ,17.70 ,-57.30
1638174360112,-0.05 ,-0.12 ,0.99 ,1.04 ,0.49 ,-0.31 ,-52.97 ,18.51 ,-56.64
1638174360157,-0.05 ,-0.12 ,0.99 ,1.22 ,0.61 ,-0.43 ,-52.97 ,18.51 ,-56.64
1638174360187,-0.05 ,-0.12 ,0.98 ,1.10 ,0.55 ,-0.37 ,-53.43 ,18.48 ,-57.03
1638174360233,-0.05 ,-0.12 ,0.98 ,1.10 ,0.37 ,-0.37 ,-53.47 ,17.87 ,-56.19
1638174360262,-0.05 ,-0.12 ,0.99 ,1.10 ,0.61 ,-0.43 ,-52.88 ,18.26 ,-55.88
1638174360307,-0.05 ,-0.12 ,0.98 ,1.34 ,0.61 ,-0.37 ,-52.88 ,18.26 ,-55.88
1638174360352,-0.05 ,-0.12 ,0.98 ,1.16 ,0.55 ,-0.49 ,-52.84 ,18.12 ,-56.38
1638174360383,-0.05 ,-0.12 ,0.99 ,1.10 ,0.49 ,-0.43 ,-52.82 ,18.14 ,-56.27
1638174360430,-0.05 ,-0.12 ,0.99 ,0.98 ,0.49 ,-0.55 ,-53.08 ,18.05 ,-57.56
1638174360457,-0.05 ,-0.12 ,0.98 ,1.10 ,0.61 ,-0.43 ,-53.08 ,18.05 ,-57.56
1638174360505,-0.05 ,-0.12 ,0.98 ,1.16 ,0.49 ,-0.37 ,-53.02 ,18.21 ,-57.65
1638174360548,-0.05 ,-0.12 ,0.98 ,1.16 ,0.49 ,-0.31 ,-52.42 ,18.49 ,-56.91
1638174360592,-0.05 ,-0.12 ,0.98 ,1.22 ,0.73 ,-0.55 ,-52.72 ,17.82 ,-56.57
1638174360622,-0.05 ,-0.12 ,0.99 ,1.04 ,0.55 ,-0.37 ,-52.62 ,18.40 ,-56.29
1638174360667,-0.05 ,-0.12 ,0.99 ,1.16 ,0.61 ,-0.43 ,-52.61 ,17.79 ,-57.40
1638174360697,-0.05 ,-0.12 ,0.99 ,1.16 ,0.61 ,-0.43 ,-52.61 ,17.79 ,-57.40
1638174360743,-0.05 ,-0.12 ,0.98 ,1.22 ,0.55 ,-0.31 ,-52.56 ,17.32 ,-56.74
1638174360772,-0.05 ,-0.12 ,0.99 ,1.10 ,0.49 ,-0.31 ,-52.56 ,17.32 ,-56.74
1638174360833,-0.05 ,-0.12 ,0.98 ,1.16 ,0.73 ,-0.37 ,-52.98 ,18.16 ,-56.90
1638174360862,-0.05 ,-0.12 ,0.99 ,1.16 ,0.98 ,-0.24 ,-52.38 ,18.85 ,-56.20
1638174360892,-0.05 ,-0.12 ,0.99 ,1.16 ,0.98 ,-0.24 ,-52.38 ,18.85 ,-56.20
1638174360922,-0.05 ,-0.12 ,0.98 ,1.22 ,0.79 ,-0.24 ,-52.38 ,18.85 ,-56.20
1638174360967,-0.05 ,-0.12 ,0.98 ,1.28 ,0.61 ,-0.24 ,-53.00 ,19.29 ,-56.14
1638174361012,-0.05 ,-0.12 ,0.98 ,1.16 ,0.55 ,-0.43 ,-51.79 ,19.98 ,-56.26
1638174361043,-0.06 ,-0.12 ,1.00 ,0.61 ,0.37 ,-0.43 ,-51.99 ,20.32 ,-56.64
1638174361087,-0.04 ,-0.12 ,0.98 ,1.16 ,0.24 ,-0.37 ,-51.99 ,20.32 ,-56.64
1638174361117,-0.04 ,-0.12 ,0.98 ,1.40 ,0.49 ,-0.43 ,-51.55 ,20.10 ,-57.47
1638174361163,-0.05 ,-0.12 ,0.99 ,0.73 ,0.43 ,-0.49 ,-50.90 ,20.12 ,-58.41
1638174361192,-0.13 ,-0.03 ,0.80 ,-3.54 ,-0.06 ,-0.49 ,-50.85 ,19.90 ,-58.97
1638174361238,-0.19 ,-0.38 ,0.70 ,41.93 ,7.57 ,-34.67 ,-50.85 ,19.90 ,-58.97
1638174361268,-0.03 ,-0.12 ,0.95 ,37.96 ,-0.31 ,6.90 ,-50.73 ,21.35 ,-58.47
1638174361312,0.10 ,-0.22 ,0.98 ,19.78 ,12.63 ,-7.39 ,-50.59 ,21.45 ,-59.35
1638174361343,-0.07 ,-0.07 ,1.03 ,-41.44 ,-14.95 ,14.83 ,-50.68 ,22.86 ,-59.01
1638174361388,-0.04 ,-0.14 ,1.02 ,2.14 ,-0.12 ,1.65 ,-50.68 ,22.86 ,-59.01
1638174361432,-0.08 ,-0.15 ,0.95 ,1.53 ,1.65 ,-4.21 ,-50.57 ,21.46 ,-58.83
1638174361462,-0.05 ,-0.14 ,0.99 ,-3.42 ,0.43 ,-0.92 ,-50.57 ,20.91 ,-58.14
1638174361507,-0.04 ,-0.15 ,0.96 ,-0.49 ,0.49 ,-0.43 ,-50.24 ,21.34 ,-58.96
1638174361537,-0.05 ,-0.14 ,1.00 ,-2.26 ,0.24 ,-0.12 ,-50.24 ,21.34 ,-58.96
1638174361582,-0.04 ,-0.14 ,0.99 ,1.22 ,0.67 ,-0.37 ,-50.18 ,21.36 ,-58.23
1638174361612,0.04 ,-0.21 ,0.92 ,-21.12 ,-4.64 ,-10.80 ,-50.21 ,20.68 ,-58.57
1638174361642,-0.13 ,-0.32 ,0.93 ,61.34 ,1.40 ,52.86 ,-50.21 ,20.68 ,-58.57
1638174361687,-0.32 ,0.33 ,1.22 ,25.09 ,-10.86 ,64.39 ,-50.24 ,23.25 ,-60.45
1638174361732,-0.00 ,-0.18 ,0.99 ,-12.51 ,4.15 ,-24.84 ,-49.65 ,24.50 ,-62.56
1638174361777,-0.16 ,-0.66 ,1.09 ,1.16 ,35.34 ,-4.15 ,-48.57 ,24.55 ,-62.59
1638174361808,-0.10 ,-0.01 ,1.51 ,73.61 ,-15.62 ,97.60 ,-47.72 ,31.76 ,-64.90
1638174361853,-0.02 ,-0.57 ,1.11 ,165.41 ,31.01 ,32.96 ,-47.72 ,31.76 ,-64.90
1638174361886,0.16 ,-0.69 ,1.21 ,214.29 ,35.03 ,55.91 ,-43.98 ,46.83 ,-57.79
1638174361927,0.04 ,0.07 ,-0.34 ,93.93 ,15.38 ,-6.53 ,-38.18 ,57.70 ,-41.20
1638174361958,0.03 ,-0.46 ,0.54 ,136.17 ,0.37 ,-13.85 ,-38.18 ,57.70 ,-41.20
1638174362002,0.20 ,-0.47 ,1.01 ,136.66 ,-23.99 ,50.23 ,-39.50 ,57.56 ,-27.97
1638174362032,-0.44 ,-1.10 ,-0.04 ,110.96 ,59.45 ,76.35 ,-39.47 ,53.96 ,-23.96
1638174362077,0.24 ,-0.93 ,0.79 ,93.93 ,91.06 ,95.40 ,-35.33 ,50.84 ,-27.53
1638174362122,0.14 ,-0.12 ,0.36 ,188.23 ,13.55 ,5.43 ,-35.33 ,50.84 ,-27.53
1638174362152,0.17 ,-0.84 ,0.35 ,218.63 ,-138.24 ,-78.80 ,-36.27 ,51.89 ,-24.45
1638174362197,0.27 ,-0.98 ,0.58 ,16.17 ,59.69 ,5.25 ,-37.72 ,51.86 ,-18.26
1638174362246,-0.02 ,-0.77 ,0.60 ,-81.48 ,68.73 ,66.16 ,-36.58 ,52.95 ,-22.35
1638174362301,-0.12 ,-0.81 ,0.42 ,-15.01 ,10.93 ,18.49 ,-35.90 ,53.00 ,-25.92
1638174362332,0.47 ,-1.04 ,0.32 ,-22.40 ,35.77 ,90.82 ,-34.50 ,53.74 ,-28.09
1638174362364,0.47 ,-1.04 ,0.32 ,-22.40 ,35.77 ,90.82 ,-34.50 ,53.74 ,-28.09
1638174362407,0.67 ,-0.69 ,0.24 ,-43.64 ,2.87 ,45.29 ,-30.58 ,54.50 ,-29.44
1638174362452,0.41 ,-0.67 ,0.38 ,-37.90 ,-61.22 ,53.34 ,-28.91 ,53.66 ,-30.85
1638174362498,1.29 ,0.17 ,0.08 ,-82.28 ,-52.43 ,-51.88 ,-28.53 ,52.27 ,-33.31
1638174362527,-0.02 ,-0.62 ,1.48 ,-22.77 ,-63.23 ,-176.57 ,-28.53 ,52.27 ,-33.31
1638174362573,-0.08 ,-1.67 ,1.23 ,-10.13 ,144.47 ,-20.32 ,-32.21 ,50.39 ,-28.58
1638174362603,-0.41 ,-0.64 ,0.46 ,27.28 ,151.00 ,125.67 ,-31.47 ,50.89 ,-30.57
1638174362663,0.33 ,-0.52 ,0.89 ,192.99 ,-203.19 ,119.57 ,-27.45 ,52.42 ,-32.02
1638174362693,1.04 ,-0.24 ,-0.48 ,1.83 ,126.71 ,115.54 ,-26.01 ,55.29 ,-30.42
1638174362737,1.04 ,-0.24 ,-0.48 ,1.83 ,126.71 ,115.54 ,-26.01 ,55.29 ,-30.42
1638174362767,0.30 ,-0.52 ,1.00 ,-207.64 ,67.26 ,-157.71 ,-23.63 ,51.34 ,-31.87
1638174362798,0.30 ,-0.52 ,1.00 ,-207.64 ,67.26 ,-157.71 ,-23.63 ,51.34 ,-31.87
1638174362842,-0.02 ,-1.35 ,1.04 ,-69.58 ,-41.26 ,-20.75 ,-25.95 ,49.34 ,-33.11
1638174362872,-0.28 ,-0.59 ,1.34 ,80.38 ,-11.41 ,30.21 ,-25.95 ,49.34 ,-33.11
1638174362917,0.60 ,-1.00 ,1.32 ,205.63 ,-148.19 ,83.74 ,-24.62 ,50.40 ,-33.76
1638174362963,0.82 ,-0.04 ,0.61 ,289.79 ,-306.27 ,-20.69 ,-25.24 ,53.66 ,-34.16
1638174363007,0.72 ,-0.83 ,0.77 ,92.83 ,-95.58 ,-63.90 ,-29.41 ,55.73 ,-31.58
1638174363037,0.24 ,-1.06 ,0.50 ,16.60 ,59.45 ,-41.81 ,-34.34 ,56.53 ,-30.10
1638174363068,0.24 ,-1.06 ,0.50 ,16.60 ,59.45 ,-41.81 ,-34.34 ,56.53 ,-30.10
1638174363097,0.18 ,-1.02 ,0.74 ,20.75 ,151.61 ,65.43 ,-33.23 ,56.19 ,-27.99
1638174363143,0.08 ,-1.12 ,0.10 ,-46.33 ,179.57 ,159.55 ,-33.23 ,56.19 ,-27.99
1638174363188,0.46 ,-0.29 ,0.30 ,-22.40 ,64.39 ,196.53 ,-27.89 ,55.57 ,-30.87
1638174363217,0.45 ,2.78 ,-0.98 ,17.15 ,-79.71 ,-64.21 ,-22.94 ,54.87 ,-32.78
1638174363247,0.45 ,2.78 ,-0.98 ,17.15 ,-79.71 ,-64.21 ,-22.94 ,54.87 ,-32.78
1638174363292,0.13 ,-1.16 ,1.85 ,50.35 ,-118.53 ,-94.91 ,-27.12 ,55.63 ,-33.87
1638174363323,0.42 ,-1.61 ,0.59 ,23.99 ,129.21 ,171.81 ,-30.74 ,55.43 ,-32.70
1638174363367,0.38 ,-0.09 ,0.39 ,12.63 ,86.73 ,136.90 ,-25.46 ,54.87 ,-33.01
1638174363412,0.87 ,-0.78 ,0.45 ,18.01 ,10.50 ,-19.90 ,-25.46 ,54.87 ,-33.01
1638174363442,0.30 ,-1.50 ,1.31 ,-65.25 ,-111.69 ,-160.22 ,-30.21 ,55.85 ,-32.35
1638174363487,0.30 ,-1.50 ,1.31 ,-65.25 ,-111.69 ,-160.22 ,-30.21 ,55.85 ,-32.35
1638174363517,0.37 ,-0.34 ,0.56 ,29.05 ,144.96 ,145.69 ,-30.52 ,55.42 ,-33.81
1638174363578,0.37 ,-0.34 ,0.56 ,29.05 ,144.96 ,145.69 ,-30.52 ,55.42 ,-33.81
1638174363608,0.27 ,-0.92 ,0.58 ,-83.86 ,-38.21 ,-182.56 ,-29.30 ,55.94 ,-32.09
1638174363638,0.27 ,-0.92 ,0.58 ,-83.86 ,-38.21 ,-182.56 ,-29.30 ,55.94 ,-32.09
1638174363684,0.22 ,-1.46 ,0.84 ,-19.10 ,40.65 ,-10.31 ,-32.53 ,54.91 ,-33.80
1638174363715,0.58 ,1.03 ,-0.19 ,3.97 ,39.98 ,117.98 ,-27.64 ,54.97 ,-34.30
1638174363757,0.58 ,1.03 ,-0.19 ,3.97 ,39.98 ,117.98 ,-27.64 ,54.97 ,-34.30
1638174363791,0.71 ,0.30 ,0.46 ,-56.95 ,-106.69 ,-219.48 ,-28.54 ,55.59 ,-33.76
1638174363817,0.16 ,-1.41 ,0.83 ,-158.08 ,-14.04 ,-144.90 ,-36.72 ,53.09 ,-36.08
1638174363863,0.16 ,-1.28 ,1.02 ,16.72 ,24.90 ,93.14 ,-36.72 ,53.09 ,-36.08
1638174363895,0.13 ,-0.06 ,0.71 ,91.92 ,165.53 ,175.72 ,-33.73 ,53.09 ,-35.55
1638174363952,0.64 ,0.18 ,-1.09 ,-15.44 ,125.98 ,16.30 ,-30.08 ,53.85 ,-36.43
1638174363982,0.25 ,-1.17 ,0.54 ,-136.72 ,11.17 ,-86.36 ,-34.96 ,52.36 ,-38.07
1638174364023,0.25 ,-1.17 ,0.54 ,-136.72 ,11.17 ,-86.36 ,-34.96 ,52.36 ,-38.07
1638174364057,0.37 ,-0.37 ,0.73 ,-114.14 ,91.37 ,201.66 ,-29.03 ,49.72 ,-42.18
1638174364087,0.37 ,-0.37 ,0.73 ,-114.14 ,91.37 ,201.66 ,-29.03 ,49.72 ,-42.18
1638174364117,0.60 ,-0.13 ,0.07 ,-129.70 ,110.35 ,136.96 ,-29.03 ,49.72 ,-42.18
1638174364177,0.78 ,-0.09 ,0.79 ,-56.70 ,-73.67 ,57.86 ,-21.68 ,45.09 ,-45.61
1638174364223,0.69 ,-0.21 ,0.76 ,-138.00 ,-33.26 ,67.69 ,-21.11 ,43.36 ,-47.24
1638174364253,0.26 ,-0.43 ,0.65 ,-2.93 ,-272.03 ,-65.00 ,-16.96 ,38.95 ,-50.44
1638174364297,-0.00 ,-0.24 ,2.34 ,-205.93 ,-279.91 ,5.68 ,-19.43 ,36.46 ,-54.82
1638174364327,0.19 ,-0.40 ,1.41 ,-60.55 ,-16.48 ,13.79 ,-19.43 ,36.46 ,-54.82
1638174364357,0.20 ,0.18 ,0.78 ,44.49 ,0.31 ,30.52 ,-19.95 ,31.35 ,-58.91
1638174364402,-0.01 ,-0.14 ,0.79 ,91.86 ,-91.92 ,-58.59 ,-19.62 ,35.17 ,-58.68
1638174364434,-0.08 ,-0.11 ,0.73 ,-47.67 ,-96.80 ,-65.25 ,-32.98 ,38.77 ,-58.28
1638174364463,-0.08 ,-0.11 ,0.73 ,-47.67 ,-96.80 ,-65.25 ,-32.98 ,38.77 ,-58.28
1638174364492,-0.20 ,-0.27 ,0.86 ,3.11 ,-163.33 ,-89.42 ,-55.55 ,42.72 ,-54.53
1638174364538,-0.17 ,-0.65 ,1.11 ,71.04 ,14.10 ,29.66 ,-55.55 ,42.72 ,-54.53
1638174364582,-0.12 ,-0.01 ,0.81 ,6.59 ,26.61 ,23.74 ,-62.76 ,43.37 ,-52.08
1638174364614,-0.16 ,-0.33 ,0.79 ,12.63 ,-50.23 ,-32.90 ,-59.84 ,43.13 ,-53.92
1638174364657,-0.13 ,-0.37 ,0.77 ,3.54 ,15.99 ,3.30 ,-67.09 ,43.38 ,-52.60
1638174364717,-0.18 ,-0.23 ,0.92 ,2.75 ,-12.33 ,0.18 ,-65.71 ,43.59 ,-52.77
1638174364764,-0.18 ,-0.33 ,0.92 ,3.48 ,0.12 ,1.40 ,-66.28 ,43.43 ,-51.87
1638174364792,-0.18 ,-0.33 ,0.92 ,3.48 ,0.12 ,1.40 ,-66.28 ,43.43 ,-51.87
1638174364822,-0.18 ,-0.32 ,0.93 ,0.67 ,0.49 ,-0.12 ,-66.71 ,43.51 ,-52.32
1638174364869,-0.18 ,-0.33 ,0.93 ,1.89 ,0.73 ,-0.31 ,-67.26 ,43.20 ,-51.62
1638174364897,-0.18 ,-0.32 ,0.93 ,0.85 ,0.55 ,-0.24 ,-66.65 ,43.92 ,-52.39
1638174364927,-0.18 ,-0.32 ,0.93 ,0.85 ,0.55 ,-0.24 ,-66.65 ,43.92 ,-52.39
1638174364972,-0.18 ,-0.32 ,0.93 ,1.59 ,0.67 ,-0.37 ,-66.61 ,43.52 ,-53.28
1638174365032,-0.02 ,-0.79 ,0.75 ,7.20 ,70.31 ,31.98 ,-64.87 ,45.10 ,-52.66
1638174365092,-0.51 ,0.25 ,0.75 ,-27.65 ,-9.28 ,192.20 ,-54.25 ,46.92 ,-54.77
1638174365123,0.96 ,-0.09 ,0.24 ,-81.36 ,-15.08 ,-201.23 ,-49.39 ,47.28 ,-55.44
1638174365153,0.96 ,-0.09 ,0.24 ,-81.36 ,-15.08 ,-201.23 ,-49.39 ,47.28 ,-55.44
1638174365182,0.55 ,-0.08 ,0.79 ,71.66 ,36.25 ,-191.71 ,-55.14 ,38.51 ,-54.17
1638174365227,-0.41 ,-0.16 ,0.58 ,2.14 ,52.61 ,-118.96 ,-53.92 ,29.37 ,-55.49
1638174365257,-0.08 ,-0.66 ,0.94 ,-45.78 ,34.00 ,-58.59 ,-52.25 ,24.13 ,-55.77
1638174365287,-0.08 ,-0.66 ,0.94 ,-45.78 ,34.00 ,-58.59 ,-52.25 ,24.13 ,-55.77
1638174365347,-0.20 ,-0.17 ,0.97 ,1.83 ,-20.14 ,135.19 ,-51.54 ,22.30 ,-55.92
1638174365379,-0.11 ,0.01 ,1.09 ,-24.05 ,-19.10 ,93.93 ,-52.56 ,26.70 ,-55.90
1638174365408,-0.11 ,0.01 ,1.09 ,-24.05 ,-19.10 ,93.93 ,-52.56 ,26.70 ,-55.90
1638174365454,0.03 ,0.22 ,1.12 ,-62.07 ,-8.79 ,13.61 ,-53.50 ,28.49 ,-57.46
1638174365512,-0.02 ,-0.20 ,0.99 ,4.33 ,2.69 ,-22.71 ,-54.11 ,26.88 ,-56.43
1638174365572,-0.06 ,-0.12 ,0.97 ,-2.99 ,-0.24 ,-1.83 ,-53.63 ,26.20 ,-55.87
1638174365616,-0.05 ,-0.10 ,0.96 ,-6.77 ,-1.16 ,-2.44 ,-53.61 ,26.54 ,-56.99
1638174365648,-0.07 ,-0.15 ,0.99 ,-18.92 ,-3.72 ,10.74 ,-53.45 ,25.55 ,-56.19
1638174365707,-0.11 ,0.08 ,0.98 ,-64.88 ,-13.92 ,47.79 ,-54.02 ,25.07 ,-57.21
1638174365737,-0.43 ,0.36 ,0.80 ,-126.46 ,0.43 ,54.81 ,-54.09 ,22.40 ,-55.75
1638174365768,-0.18 ,0.15 ,1.03 ,-28.50 ,2.38 ,-5.80 ,-54.09 ,22.40 ,-55.75
1638174365798,-0.23 ,-0.02 ,1.07 ,73.30 ,5.62 ,-47.00 ,-53.19 ,21.84 ,-55.11
1638174365842,0.17 ,-0.66 ,0.79 ,61.40 ,10.99 ,-20.20 ,-52.12 ,22.90 ,-53.54
1638174365887,0.06 ,-0.37 ,1.23 ,17.94 ,12.27 ,143.07 ,-52.71 ,26.67 ,-53.93
1638174365932,-0.07 ,0.36 ,0.92 ,7.63 ,34.06 ,82.52 ,-51.54 ,32.58 ,-55.47
1638174365992,-0.13 ,0.41 ,0.66 ,-50.78 ,-17.09 ,-4.03 ,-50.63 ,32.79 ,-55.05
1638174366024,0.00 ,-0.10 ,1.58 ,66.53 ,11.78 ,-113.16 ,-50.63 ,32.79 ,-55.05
1638174366082,-0.09 ,-0.50 ,0.93 ,37.66 ,3.36 ,44.98 ,-52.22 ,27.12 ,-54.13
1638174366142,-0.13 ,0.14 ,1.01 ,20.02 ,-2.56 ,93.69 ,-52.73 ,31.91 ,-54.61
1638174366172,-0.03 ,0.33 ,0.92 ,49.38 ,2.93 ,10.68 ,-52.73 ,31.91 ,-54.61
1638174366217,-0.07 ,-0.04 ,1.05 ,-15.56 ,1.89 ,-22.58 ,-52.50 ,33.65 ,-54.16
1638174366247,-0.09 ,-0.07 ,1.06 ,-13.49 ,0.37 ,-26.61 ,-52.86 ,32.63 ,-54.57
1638174366292,-0.13 ,0.10 ,1.00 ,-34.12 ,-5.74 ,-22.95 ,-52.86 ,32.63 ,-54.57
1638174366324,-0.09 ,-0.13 ,1.01 ,-15.50 ,-1.40 ,-35.71 ,-52.95 ,27.31 ,-54.09
1638174366367,-0.09 ,-0.13 ,1.01 ,-15.50 ,-1.40 ,-35.71 ,-52.95 ,27.31 ,-54.09
1638174366397,-0.06 ,0.04 ,0.97 ,-21.12 ,-0.73 ,-6.53 ,-52.17 ,26.78 ,-53.48
1638174366427,-0.04 ,0.00 ,0.92 ,6.77 ,-1.77 ,-0.61 ,-52.17 ,26.78 ,-53.48
1638174366457,-0.11 ,0.09 ,0.97 ,17.40 ,-2.44 ,-0.73 ,-52.58 ,26.84 ,-54.36
1638174366502,-0.08 ,0.04 ,0.97 ,-10.13 ,1.95 ,-20.57 ,-52.58 ,26.84 ,-54.36
1638174366547,-0.03 ,-0.01 ,0.99 ,25.45 ,3.42 ,23.56 ,-52.99 ,27.66 ,-54.16
1638174366577,-0.05 ,-0.10 ,0.99 ,9.58 ,-1.28 ,43.64 ,-52.91 ,29.41 ,-54.53
1638174366607,-0.05 ,-0.10 ,0.99 ,9.58 ,-1.28 ,43.64 ,-52.91 ,29.41 ,-54.53
1638174366651,-0.05 ,-0.33 ,0.99 ,27.53 ,3.05 ,50.78 ,-52.91 ,29.41 ,-54.53
1638174366682,-0.06 ,-0.11 ,0.94 ,-0.98 ,1.10 ,-12.70 ,-52.89 ,34.36 ,-55.35
1638174366730,-0.06 ,-0.11 ,0.94 ,-0.98 ,1.10 ,-12.70 ,-52.89 ,34.36 ,-55.35
1638174366757,-0.06 ,-0.09 ,1.23 ,-63.05 ,6.16 ,-3.91 ,-52.89 ,34.36 ,-55.35
1638174366802,-0.06 ,0.12 ,0.84 ,-11.90 ,-4.27 ,0.37 ,-52.51 ,28.36 ,-55.51
1638174366834,-0.06 ,0.12 ,0.84 ,-11.90 ,-4.27 ,0.37 ,-52.51 ,28.36 ,-55.51
1638174366877,-0.06 ,0.05 ,0.99 ,19.04 ,2.14 ,-3.48 ,-52.33 ,28.89 ,-55.62
1638174366909,0.05 ,-0.18 ,1.05 ,29.60 ,-0.67 ,-14.40 ,-52.27 ,29.63 ,-56.42
1638174366939,0.05 ,-0.18 ,1.05 ,29.60 ,-0.67 ,-14.40 ,-52.27 ,29.63 ,-56.42
1638174366982,-0.20 ,0.40 ,1.07 ,8.24 ,0.37 ,28.69 ,-53.70 ,29.79 ,-55.98
1638174367027,-0.20 ,0.40 ,1.07 ,8.24 ,0.37 ,28.69 ,-53.70 ,29.79 ,-55.98
1638174367057,-0.30 ,0.09 ,0.95 ,14.47 ,-2.20 ,-16.36 ,-54.27 ,29.54 ,-57.18
1638174367089,0.02 ,0.07 ,0.97 ,-63.05 ,2.56 ,57.74 ,-54.32 ,28.04 ,-58.04
1638174367147,-0.20 ,0.16 ,1.04 ,-55.85 ,12.15 ,75.56 ,-53.97 ,26.16 ,-57.87
1638174367177,-0.12 ,0.07 ,0.98 ,11.47 ,4.64 ,21.36 ,-53.81 ,26.75 ,-59.69
1638174367208,-0.12 ,0.07 ,0.98 ,11.47 ,4.64 ,21.36 ,-53.81 ,26.75 ,-59.69
1638174367267,0.06 ,0.29 ,0.94 ,65.61 ,8.18 ,6.96 ,-54.35 ,28.98 ,-58.76
1638174367298,-0.11 ,-0.16 ,1.14 ,128.60 ,30.94 ,80.14 ,-54.65 ,33.46 ,-59.17
1638174367327,-0.28 ,-0.06 ,0.77 ,-119.26 ,40.65 ,145.81 ,-53.76 ,43.74 ,-55.54
1638174367358,-0.28 ,-0.06 ,0.77 ,-119.26 ,40.65 ,145.81 ,-53.76 ,43.74 ,-55.54
1638174367402,-0.28 ,0.33 ,0.68 ,91.61 ,-44.07 ,115.54 ,-46.24 ,59.88 ,-41.19
1638174367432,-0.07 ,0.21 ,0.81 ,23.13 ,8.97 ,-5.92 ,-27.94 ,96.11 ,-23.91
1638174367462,-0.07 ,0.21 ,0.81 ,23.13 ,8.97 ,-5.92 ,-27.94 ,96.11 ,-23.91
1638174367507,0.01 ,-0.13 ,0.85 ,60.18 ,14.04 ,-85.82 ,-29.38 ,93.80 ,-22.91
1638174367538,-0.19 ,-0.36 ,1.12 ,49.44 ,12.70 ,-53.04 ,-39.64 ,81.25 ,-27.93
1638174367569,0.13 ,-0.95 ,1.06 ,145.08 ,23.13 ,34.91 ,-39.64 ,81.25 ,-27.93
1638174367613,-0.01 ,0.92 ,1.38 ,-108.09 ,-42.79 ,116.21 ,-17.02 ,100.60 ,9.95
1638174367659,-0.10 ,-0.01 ,0.99 ,-22.46 ,-2.14 ,9.77 ,13.12 ,128.15 ,19.25
1638174367703,-0.05 ,-0.21 ,0.89 ,37.17 ,6.65 ,-24.05 ,3.69 ,119.92 ,11.43
1638174367747,-0.07 ,0.03 ,0.86 ,-13.55 ,3.11 ,-27.95 ,-13.50 ,104.19 ,1.78
1638174367777,0.21 ,-0.51 ,0.55 ,67.38 ,29.97 ,-113.40 ,-35.55 ,82.28 ,-22.71
1638174367808,0.21 ,-0.51 ,0.55 ,67.38 ,29.97 ,-113.40 ,-35.55 ,82.28 ,-22.71
1638174367839,-0.11 ,-0.32 ,0.88 ,4.27 ,3.23 ,-16.66 ,-44.12 ,71.67 ,-33.70
1638174367882,-0.03 ,-0.10 ,1.02 ,-6.41 ,-1.28 ,-0.06 ,-44.12 ,71.67 ,-33.70
1638174367926,-0.04 ,-0.12 ,0.99 ,2.81 ,0.24 ,-0.49 ,-43.59 ,71.80 ,-33.56
1638174367957,-0.04 ,-0.13 ,0.96 ,2.26 ,0.12 ,-0.24 ,-43.62 ,70.69 ,-34.29
1638174367988,-0.04 ,-0.13 ,0.96 ,2.26 ,0.12 ,-0.24 ,-43.62 ,70.69 ,-34.29
1638174368028,-0.04 ,-0.12 ,0.98 ,-0.37 ,0.37 ,-0.37 ,-44.23 ,71.29 ,-34.18
1638174368092,-0.04 ,-0.12 ,0.99 ,1.28 ,0.55 ,-0.31 ,-43.88 ,71.35 ,-33.14
1638174368124,-0.04 ,-0.12 ,0.98 ,1.22 ,0.55 ,-0.31 ,-43.93 ,71.22 ,-33.39
1638174368167,-0.04 ,-0.12 ,0.98 ,1.28 ,0.67 ,-0.37 ,-44.03 ,71.31 ,-34.29
1638174368197,-0.18 ,-0.01 ,1.09 ,-16.48 ,-9.03 ,18.43 ,-44.03 ,71.31 ,-34.29
1638174368242,-0.03 ,-0.01 ,0.86 ,-54.57 ,0.85 ,-66.96 ,-43.95 ,69.93 ,-34.36
1638174368273,-0.02 ,-0.23 ,0.96 ,-3.42 ,2.20 ,-31.19 ,-49.56 ,59.01 ,-43.51
1638174368305,-0.02 ,-0.23 ,0.96 ,-3.42 ,2.20 ,-31.19 ,-49.56 ,59.01 ,-43.51
1638174368347,-0.04 ,-0.09 ,1.00 ,11.96 ,3.17 ,-0.73 ,-51.53 ,53.14 ,-47.40
1638174368392,-0.04 ,-0.09 ,0.99 ,-3.23 ,-0.79 ,0.12 ,-51.54 ,53.53 ,-47.44
1638174368422,-0.04 ,-0.09 ,0.99 ,2.26 ,0.92 ,-0.37 ,-51.54 ,53.53 ,-47.44
1638174368452,-0.04 ,-0.09 ,0.99 ,2.26 ,0.92 ,-0.37 ,-51.54 ,53.53 ,-47.44
1638174368482,-0.04 ,-0.09 ,0.98 ,-2.26 ,-0.43 ,-0.12 ,-52.05 ,54.19 ,-48.00
1638174368527,-0.05 ,-0.09 ,0.99 ,2.75 ,0.98 ,-0.55 ,-51.33 ,53.28 ,-47.62
1638174368557,-0.05 ,-0.09 ,0.99 ,0.31 ,0.31 ,-0.24 ,-51.33 ,53.28 ,-47.62
1638174368603,-0.04 ,-0.09 ,0.99 ,1.22 ,0.55 ,-0.31 ,-51.09 ,53.88 ,-46.91
1638174368632,-0.05 ,-0.09 ,0.97 ,1.71 ,0.61 ,-0.37 ,-51.04 ,53.17 ,-48.72
1638174368666,-0.04 ,-0.09 ,0.99 ,1.34 ,0.55 ,-0.31 ,-51.67 ,53.42 ,-47.58
1638174368693,-0.05 ,-0.09 ,0.99 ,1.28 ,0.55 ,-0.37 ,-51.67 ,53.42 ,-47.58
1638174368737,-0.04 ,-0.09 ,0.99 ,0.43 ,0.43 ,-0.31 ,-51.53 ,53.33 ,-47.53
1638174368768,-0.04 ,-0.09 ,0.99 ,1.10 ,0.49 ,-0.31 ,-51.55 ,53.60 ,-47.09
1638174368812,-0.04 ,-0.09 ,0.99 ,1.10 ,0.49 ,-0.31 ,-51.55 ,53.60 ,-47.09
1638174368871,-0.04 ,-0.09 ,0.99 ,1.46 ,0.49 ,-0.37 ,-51.44 ,53.53 ,-47.51
1638174368945,-0.05 ,-0.09 ,0.99 ,0.85 ,0.43 ,-0.37 ,-51.05 ,53.38 ,-46.83
1638174368977,-0.04 ,-0.09 ,0.99 ,0.85 ,0.55 ,-0.31 ,-51.26 ,53.61 ,-47.27
1638174369022,-0.05 ,-0.09 ,0.99 ,1.46 ,0.49 ,-0.31 ,-51.26 ,53.61 ,-47.27
1638174369067,-0.04 ,-0.09 ,0.99 ,1.04 ,0.55 ,-0.43 ,-51.33 ,53.41 ,-47.81
1638174369099,-0.05 ,-0.09 ,0.99 ,0.73 ,0.43 ,-0.37 ,-51.29 ,53.60 ,-47.08
1638174369128,-0.05 ,-0.09 ,0.99 ,0.73 ,0.43 ,-0.37 ,-51.29 ,53.60 ,-47.08
1638174369177,-0.04 ,-0.09 ,0.99 ,1.22 ,0.43 ,-0.37 ,-51.75 ,53.67 ,-47.31
1638174369247,-0.04 ,-0.09 ,0.99 ,0.92 ,0.67 ,-0.43 ,-51.62 ,52.93 ,-48.18
1638174369308,-0.04 ,-0.09 ,0.99 ,0.85 ,0.37 ,-0.43 ,-51.46 ,53.03 ,-47.71
1638174369352,-0.04 ,-0.09 ,0.99 ,0.73 ,0.43 ,-0.43 ,-51.42 ,53.63 ,-47.95
1638174369398,-0.04 ,-0.09 ,0.99 ,1.04 ,0.49 ,-0.24 ,-52.01 ,53.45 ,-47.81
1638174369428,-0.04 ,-0.09 ,0.99 ,1.22 ,0.61 ,-0.55 ,-51.61 ,53.52 ,-47.40
1638174369473,-0.04 ,-0.09 ,0.99 ,1.22 ,0.61 ,-0.55 ,-51.61 ,53.52 ,-47.40
1638174369531,-0.04 ,-0.09 ,0.99 ,1.16 ,0.43 ,-0.31 ,-51.62 ,53.59 ,-48.21
1638174369562,-0.05 ,-0.09 ,0.99 ,1.40 ,0.55 ,-0.31 ,-50.94 ,53.50 ,-47.56
1638174369594,-0.04 ,-0.09 ,0.99 ,1.22 ,0.67 ,-0.31 ,-51.51 ,53.32 ,-47.52
1638174369637,-0.04 ,-0.09 ,0.99 ,1.22 ,0.67 ,-0.31 ,-51.51 ,53.32 ,-47.52
1638174369668,-0.05 ,-0.09 ,0.99 ,1.28 ,0.61 ,-0.37 ,-51.00 ,54.41 ,-47.20
1638174369697,-0.04 ,-0.09 ,0.99 ,1.22 ,0.49 ,-0.24 ,-51.38 ,53.45 ,-47.18
1638174369729,-0.04 ,-0.09 ,0.99 ,1.46 ,0.43 ,-0.37 ,-51.38 ,53.45 ,-47.18
1638174369775,-0.04 ,-0.09 ,0.98 ,1.46 ,0.31 ,-0.43 ,-51.97 ,54.03 ,-46.44
1638174369802,-0.05 ,-0.09 ,0.99 ,1.65 ,0.31 ,-0.37 ,-51.77 ,53.61 ,-47.61
1638174369848,-0.05 ,-0.09 ,0.99 ,1.65 ,0.31 ,-0.37 ,-51.77 ,53.61 ,-47.61
1638174369907,-0.04 ,-0.10 ,0.99 ,1.40 ,0.61 ,-0.37 ,-51.93 ,53.20 ,-46.53
1638174369937,-0.05 ,-0.09 ,0.99 ,1.22 ,0.43 ,-0.37 ,-51.87 ,53.00 ,-47.29
1638174369969,-0.05 ,-0.09 ,0.99 ,1.22 ,0.43 ,-0.37 ,-51.87 ,53.00 ,-47.29
1638174370011,-0.04 ,-0.09 ,0.99 ,1.16 ,0.31 ,-0.37 ,-51.87 ,53.00 ,-47.29
1638174370043,-0.04 ,-0.09 ,0.99 ,1.53 ,0.61 ,-0.43 ,-51.46 ,52.95 ,-47.39
1638174370087,-0.04 ,-0.09 ,0.99 ,1.40 ,0.61 ,-0.49 ,-51.92 ,52.93 ,-45.74
1638174370132,-0.04 ,-0.09 ,0.99 ,1.40 ,0.61 ,-0.49 ,-51.92 ,52.93 ,-45.74
1638174370162,-0.05 ,-0.09 ,0.99 ,1.04 ,0.49 ,-0.43 ,-51.68 ,53.42 ,-47.06
1638174370193,-0.05 ,-0.09 ,0.99 ,1.04 ,0.49 ,-0.43 ,-51.68 ,53.42 ,-47.06
1638174370240,-0.05 ,-0.09 ,0.99 ,1.04 ,0.61 ,-0.37 ,-51.66 ,53.26 ,-46.80
1638174370298,-0.04 ,-0.09 ,0.99 ,1.10 ,0.55 ,-0.18 ,-51.72 ,53.75 ,-46.97
1638174370357,-0.05 ,-0.09 ,0.99 ,1.22 ,0.49 ,-0.31 ,-51.94 ,52.92 ,-47.77
1638174370387,-0.04 ,-0.09 ,0.99 ,1.28 ,0.55 ,-0.24 ,-51.98 ,54.04 ,-46.46
1638174370417,-0.04 ,-0.09 ,0.99 ,1.22 ,0.43 ,-0.24 ,-51.82 ,53.64 ,-47.41
1638174370462,-0.04 ,-0.09 ,0.99 ,1.22 ,0.43 ,-0.24 ,-51.82 ,53.64 ,-47.41
1638174370493,-0.05 ,-0.09 ,0.99 ,1.10 ,0.37 ,-0.31 ,-51.53 ,53.88 ,-48.02
1638174370523,-0.04 ,-0.09 ,0.99 ,1.10 ,0.61 ,-0.24 ,-51.65 ,53.25 ,-46.79
1638174370568,-0.04 ,-0.09 ,0.99 ,1.10 ,0.49 ,-0.37 ,-51.65 ,53.25 ,-46.79
1638174370598,-0.04 ,-0.09 ,0.99 ,1.22 ,0.49 ,-0.31 ,-51.62 ,53.78 ,-47.12
1638174370628,-0.05 ,-0.09 ,0.99 ,1.16 ,0.49 ,-0.31 ,-52.23 ,53.36 ,-48.07
1638174370677,-0.05 ,-0.09 ,0.99 ,0.79 ,0.49 ,-0.49 ,-52.23 ,53.36 ,-48.07
1638174370737,-0.05 ,-0.09 ,0.99 ,0.92 ,0.43 ,-0.31 ,-51.82 ,53.53 ,-47.75
1638174370777,-0.04 ,-0.09 ,0.99 ,1.10 ,0.31 ,-0.31 ,-51.82 ,53.53 ,-47.75
1638174370808,-0.05 ,-0.09 ,0.99 ,1.04 ,0.67 ,-0.49 ,-51.57 ,53.00 ,-47.66
1638174370838,-0.05 ,-0.09 ,0.99 ,1.04 ,0.67 ,-0.49 ,-51.57 ,53.00 ,-47.66
1638174370883,-0.04 ,-0.09 ,0.99 ,1.10 ,0.67 ,-0.24 ,-51.57 ,53.00 ,-47.66
1638174370927,-0.05 ,-0.09 ,0.99 ,1.16 ,0.37 ,-0.37 ,-51.89 ,52.58 ,-47.90
1638174370958,-0.04 ,-0.09 ,0.99 ,1.10 ,0.61 ,-0.31 ,-51.89 ,52.58 ,-47.90
1638174370987,-0.04 ,-0.09 ,0.99 ,1.10 ,0.61 ,-0.31 ,-51.89 ,52.58 ,-47.90
1638174371017,-0.04 ,-0.09 ,0.98 ,1.10 ,0.43 ,-0.24 ,-52.08 ,52.94 ,-47.62
1638174371047,-0.05 ,-0.09 ,0.99 ,0.79 ,0.61 ,-0.43 ,-51.77 ,53.42 ,-46.70
1638174371092,-0.04 ,-0.09 ,0.99 ,0.98 ,0.31 ,-0.37 ,-51.77 ,53.42 ,-46.70
1638174371122,-0.04 ,-0.09 ,0.99 ,1.10 ,0.43 ,-0.37 ,-51.82 ,53.21 ,-47.66
1638174371153,-0.05 ,-0.09 ,0.99 ,1.10 ,0.67 ,-0.43 ,-51.99 ,53.59 ,-47.30
1638174371204,-0.04 ,-0.09 ,0.99 ,1.10 ,0.49 ,-0.37 ,-52.10 ,53.17 ,-46.84
1638174371242,-0.04 ,-0.09 ,0.99 ,1.10 ,0.49 ,-0.37 ,-52.10 ,53.17 ,-46.84
1638174371273,-0.05 ,-0.09 ,0.99 ,1.22 ,0.37 ,-0.24 ,-51.79 ,53.22 ,-46.64
1638174371317,-0.05 ,-0.09 ,0.99 ,1.16 ,0.61 ,-0.37 ,-51.54 ,53.21 ,-46.55
1638174371347,-0.04 ,-0.09 ,0.99 ,0.98 ,0.31 ,-0.37 ,-51.68 ,53.26 ,-47.07
1638174371378,-0.04 ,-0.09 ,0.99 ,0.98 ,0.31 ,-0.37 ,-51.68 ,53.26 ,-47.07
1638174371422,-0.05 ,-0.09 ,0.99 ,1.04 ,0.49 ,-0.37 ,-52.20 ,53.30 ,-47.68
1638174371452,-0.05 ,-0.09 ,0.99 ,1.04 ,0.49 ,-0.37 ,-52.20 ,53.30 ,-47.68
1638174371498,-0.05 ,-0.09 ,0.99 ,0.92 ,0.43 ,-0.37 ,-52.20 ,53.30 ,-47.68
1638174371528,-0.05 ,-0.09 ,0.99 ,1.04 ,0.49 ,-0.37 ,-51.72 ,53.37 ,-46.91
1638174371572,-0.05 ,-0.09 ,0.99 ,1.04 ,0.49 ,-0.37 ,-51.72 ,53.37 ,-46.91
1638174371602,-0.04 ,-0.09 ,0.99 ,1.22 ,0.61 ,-0.55 ,-51.72 ,53.37 ,-46.91
1638174371633,-0.04 ,-0.09 ,0.99 ,1.16 ,0.37 ,-0.43 ,-51.71 ,53.76 ,-46.53
1638174371665,-0.05 ,-0.09 ,0.99 ,1.10 ,0.55 ,-0.37 ,-52.08 ,53.36 ,-45.92
1638174371708,-0.05 ,-0.09 ,0.99 ,1.16 ,0.55 ,-0.31 ,-52.08 ,53.36 ,-45.92
1638174371753,-0.04 ,-0.09 ,0.99 ,1.10 ,0.55 ,-0.37 ,-52.04 ,53.30 ,-46.39
